template_version,cluster_label,outcome,f_statistic,df_between,df_within,p_value,eta_squared
B,narrative_best_label,S1,120.49984287227338,6,530,1.1102230246251565e-16,0.5770148453502199
B,narrative_best_label,S2,250.1891558041583,6,530,1.1102230246251565e-16,0.7390621416072107
B,narrative_best_label,S3,94.94739081374782,6,530,1.1102230246251565e-16,0.5180435163359207
B,narrative_best_label,S5,42.68797355828616,6,530,1.1102230246251565e-16,0.32580940131819586
B,narrative_best_label,S6,52.14524259889099,6,530,1.1102230246251565e-16,0.37119711851328224
