template_version,cluster_label,outcome,f_statistic,df_between,df_within,p_value,eta_squared
C,narrative_best_label,S1,60.84754343430705,9,527,1.1102230246251565e-16,0.5095976900856906
C,narrative_best_label,S2,106.95708521407005,9,527,1.1102230246251565e-16,0.6462170183299891
C,narrative_best_label,S3,48.660229260921724,9,527,1.1102230246251565e-16,0.45385322081271984
C,narrative_best_label,S5,27.241858166983032,9,527,1.1102230246251565e-16,0.31751374528701815
C,narrative_best_label,S6,29.045600357100213,9,527,1.1102230246251565e-16,0.3315664051974454
