template_version,cluster_label,outcome,f_statistic,df_between,df_within,p_value,eta_squared
C,narrative_best_label,S1,10.66148404061998,1,535,0.001163895229218559,0.01953864135997241
C,narrative_best_label,S2,9.083629507415086,1,535,0.0027013111128917355,0.0166952817816609
C,narrative_best_label,S3,11.676932304424888,1,535,0.000680943124687805,0.021359840912260075
C,narrative_best_label,S5,9.580938689991614,1,535,0.002068987860541327,0.01759323180322634
C,narrative_best_label,S6,8.766199978826513,1,535,0.003204798711075152,0.016121266785555737
