narrative_best_label,S1,S2,S3,S5,S6,Missing_total
0,9.882352941176471,25.608519269776878,3.9026369168356996,5.127789046653144,3.5699797160243407,4.262837621462475
1,8.363636363636363,22.522727272727273,3.159090909090909,4.318181818181818,2.8181818181818183,7.618421052727272
