template_version,cluster_label,outcome,f_statistic,df_between,df_within,p_value,eta_squared
C,narrative_best_label,S1,180.65438564066378,4,532,1.1102230246251565e-16,0.5759663945768301
C,narrative_best_label,S2,376.11399230850077,4,532,1.1102230246251565e-16,0.738761845069448
C,narrative_best_label,S3,142.2930968428734,4,532,1.1102230246251565e-16,0.5168785504421448
C,narrative_best_label,S5,64.06250952127242,4,532,1.1102230246251565e-16,0.32508725113112913
C,narrative_best_label,S6,77.14175190738789,4,532,1.1102230246251565e-16,0.3670938840434967
