narrative_best_label,S1,S2,S3,S5,S6,Missing_total
0,8.456140350877194,23.56140350877193,4.035087719298246,4.473684210526316,3.1228070175438596,1.1578947369298247
1,9.956521739130435,27.012422360248447,4.111801242236025,5.012422360248447,3.577639751552795,1.8555083360869564
2,6.534883720930233,16.224806201550386,2.131782945736434,3.7829457364341086,2.062015503875969,15.146878825054264
3,13.465753424657533,32.0958904109589,4.904109589041096,6.684931506849315,5.095890410958904,0.0
4,11.35897435897436,29.811965811965813,4.598290598290598,5.811965811965812,4.205128205128205,1.0094466936239317
