gmm_bic_best_label,count,share
0,87,0.16201117318435754
1,73,0.13594040968342644
2,46,0.0856610800744879
3,81,0.15083798882681565
4,21,0.03910614525139665
5,103,0.19180633147113593
6,126,0.2346368715083799
