gmm_bic_best_label,count,share
0,113,0.21042830540037244
1,100,0.186219739292365
2,51,0.09497206703910614
3,139,0.25884543761638734
4,86,0.1601489757914339
5,48,0.0893854748603352
