template_version,cluster_label,outcome,f_statistic,df_between,df_within,p_value,eta_squared
B,narrative_best_label,S1,80.0661798331256,9,527,1.1102230246251565e-16,0.5775874873347114
B,narrative_best_label,S2,166.32363811373628,9,527,1.1102230246251565e-16,0.7396132803567965
B,narrative_best_label,S3,64.67187321786305,9,527,1.1102230246251565e-16,0.5248171925811814
B,narrative_best_label,S5,29.796271304815427,9,527,1.1102230246251565e-16,0.3372456729378636
B,narrative_best_label,S6,34.40612552202398,9,527,1.1102230246251565e-16,0.37011083624134283
