K,silhouette,best_threshold
2,0.3918204447549025,0.9
3,0.3577346150590103,0.9
4,0.31983947778273075,0.7
5,0.30640627130975673,0.7
6,0.2552988193079088,0.7
7,0.23707505036372348,0.7
8,0.2216635744518955,0.9
9,0.2207827014144868,0.9
10,0.22238378321176958,0.9
