K,silhouette,best_covariance_type
2,0.44490495828641474,tied
3,0.2800215062703245,spherical
4,0.28213089666308655,tied
5,0.22565113365407866,spherical
6,0.20472236741673602,tied
7,0.19420357999159318,tied
8,0.1856690308326828,spherical
9,0.17980421614083456,spherical
10,0.16946190315458406,spherical
